{"W": [-0.37357488820507245, -0.5117763319413385, -0.7843536031140353, -0.3647976624177182, -0.27334843772154005, 0.4374034414838722, -0.34082335468261105, -0.9725891992744852, -0.10415970645752251, 0.2735546943469887, -0.6387235150099964, -0.10156907386579606, -0.5800828936824518, -0.8667429820568897, -0.005092456523848478, 0.27247965247293493, 0.024356406684312774, -0.2580284090307678, 0.20958654811278435, 0.5038646757672621, -0.5978253504356076, -0.8999599518117387, -0.743412739481059, -0.8240978464242923, -0.6357767077161012, 0.07086493404405818, -0.6680912735477593, -0.8831881813491551, -0.6777431269999532, -0.20858942485680962], "b": [0.44124149088091713]}