{"W": [-0.12239466538368485, -0.6240584065446444, -0.3091616895215014, -0.04062277673717148, -0.18613240116829266, -0.2201759277501376, -0.42730809744218257, -0.8121965613751213, -0.4100049548525102, 0.3490237968403958, -1.0140605579748627, 0.04617065276918077, -0.6333119397322725, -0.7779752846083731, 0.09644302636240368, 0.6509392924154868, 0.40084682378541103, -0.14860160216450352, 0.1639757589874691, 0.40210828925721814, -1.5204364651363504, -0.9275590409806294, -0.5701598777239535, -1.0322470655280467, -0.40988578451598334, -0.5593456616844366, -0.7608466363385203, -0.897988025312224, -0.3697128047526266, 0.053278872733381596], "b": [0.377185575318967]}