{"W": [-0.5732659141437407, -0.6329768599787418, -0.5140868022143087, -0.29694015874897145, -0.2686776668052051, -0.032324855599618285, -0.22946965401508188, -0.6824204131148609, -0.003965254321958843, 0.5069872676418081, -0.8458888485084041, 0.05710433629667284, -0.44169921499312265, -1.1045682151091039, -0.2286598626338902, 0.5808740136895111, 0.0214116190591514, -0.012573708844373506, 0.26435482034821883, 0.38325652945415817, -0.5023346230860715, -0.9972721662730768, -0.7636370756068127, -1.1828504685350283, -0.6788920062550459, -0.13359678611445433, -0.9397589988804065, -0.7597840774276083, -0.8026186048413128, -0.11168930944577624], "b": [0.3958493782830551]}