{"W": [-0.5780133651663242, -0.6405047261448094, -0.5176202542558885, -0.30505201322225095, -0.26823473927914115, -0.0006837684430128, -0.2644429672884235, -0.721134839214316, 0.014896416252480543, 0.5057538248654364, -0.8957609073258149, 0.06752271094957266, -0.46663214269289427, -1.1370586462093077, -0.24099403701639643, 0.6313974013916647, 0.013968152290035975, -0.03400399814690813, 0.28571590108076833, 0.4155098011051033, -0.5258015344985898, -1.0419747645396682, -0.7768470893339177, -1.2063475965698212, -0.6996774983828765, -0.11758196889277772, -0.979071828060042, -0.7917235605934769, -0.8512972830086941, -0.1130207753668993], "b": [0.39296071216684325]}