{"W": [-0.12239466538368492, -0.6240584065446445, -0.3091616895215014, -0.040622776737171455, -0.18613240116829266, -0.22017592775013775, -0.4273080974421825, -0.8121965613751213, -0.41000495485251026, 0.3490237968403959, -1.0140605579748623, 0.046170652769180656, -0.6333119397322726, -0.7779752846083727, 0.09644302636240362, 0.6509392924154866, 0.40084682378541114, -0.14860160216450363, 0.16397575898746916, 0.4021082892572181, -1.5204364651363507, -0.9275590409806291, -0.5701598777239533, -1.032247065528047, -0.4098857845159833, -0.5593456616844367, -0.7608466363385203, -0.8979880253122238, -0.3697128047526266, 0.05327887273338164], "b": [0.37718557531896707]}